2023/10,1,+22,758,NW 7m/s,+17,758,NW 7m/s
2023/10,2,+21,761,N 8m/s,+16,762,N 8m/s
2023/10,3,+22,762,2m/s,+13,761,2m/s
2023/10,4,+25,759,N 4m/s,+19,762,N 4m/s
2023/10,5,+21,762,2m/s,+14,760,2m/s
2023/10,6,+19,761,N 7m/s,+14,762,N 7m/s
2023/10,7,+24,755,W 8m/s,+19,754,W 8m/s
2023/10,8,+11,754,N 6m/s,+6,756,N 6m/s
2023/10,9,+12,760,NW 7m/s,+9,759,NW 7m/s
2023/10,10,+13,760,N 6m/s,+4,762,N 6m/s
2023/10,11,+17,764,SW 5m/s,+11,764,SW 5m/s
2023/10,12,+22,758,SW 9m/s,+16,758,SW 9m/s
2023/10,13,+21,758,NW 4m/s,+15,759,NW 4m/s
2023/9,1,+22,756,NW 5m/s,+23,758,NW 5m/s
2023/9,2,+29,759,2m/s,+23,759,2m/s
2023/9,3,+29,757,3m/s,+23,756,3m/s
2023/9,4,+21,758,N 7m/s,+20,758,N 7m/s
2023/9,5,+26,760,N 7m/s,+21,761,N 7m/s
2023/9,6,+26,761,NE 4m/s,+21,761,NE 4m/s
2023/9,7,+27,761,N 5m/s,+23,761,N 5m/s
2023/9,8,+24,761,N 4m/s,+17,760,N 4m/s
2023/9,9,+26,758,N 6m/s,+21,759,N 6m/s
2023/9,10,+23,761,3m/s,+15,760,3m/s
2023/9,11,+25,758,2m/s,+17,757,2m/s
2023/9,12,+27,758,SW 3m/s,+21,758,SW 3m/s
2023/9,13,+28,757,SW 5m/s,+23,756,SW 5m/s
2023/9,14,+30,755,2m/s,+24,754,2m/s
2023/9,15,+25,758,N 4m/s,+23,759,N 4m/s
2023/9,16,+23,762,N 3m/s,+21,762,N 3m/s
2023/9,17,+26,762,S 4m/s,+19,762,S 4m/s
2023/9,18,+27,761,E 5m/s,+21,760,E 5m/s
2023/9,19,+27,757,S 6m/s,+22,756,S 6m/s
2023/9,20,+24,757,N 3m/s,+19,758,N 3m/s
2023/9,21,+26,756,2m/s,+21,756,2m/s
2023/9,22,+27,756,S 7m/s,+21,757,S 7m/s
2023/9,23,+29,757,S 5m/s,+22,758,S 5m/s
2023/9,24,+28,758,E 3m/s,+22,759,E 3m/s
2023/9,25,+29,761,E 6m/s,+24,762,E 6m/s
2023/9,26,+29,763,E 6m/s,+21,762,E 6m/s
2023/9,27,+29,762,E 7m/s,+22,761,E 7m/s
2023/9,28,+28,760,NE 7m/s,+22,760,NE 7m/s
2023/9,29,+29,760,E 6m/s,+19,759,E 6m/s
2023/9,30,+28,758,N 4m/s,+18,758,N 4m/s
2023/8,1,+28,751,SE 3m/s,+25,750,SE 3m/s
2023/8,2,+29,749,W 5m/s,+24,750,W 5m/s
2023/8,3,+31,752,2m/s,+26,752,2m/s
2023/8,4,+34,754,SE 5m/s,+28,754,SE 5m/s
2023/8,5,+34,752,SE 7m/s,+28,751,SE 7m/s
2023/8,6,+35,745,SE 8m/s,+27,743,SE 8m/s
2023/8,7,+28,749,W 6m/s,+23,752,W 6m/s
2023/8,8,+19,756,NE 2m/s,+17,757,NE 2m/s
2023/8,9,+25,758,3m/s,+21,758,3m/s
2023/8,10,+26,758,NE 6m/s,+24,757,NE 6m/s
2023/8,11,+27,756,N 8m/s,+24,758,N 8m/s
2023/8,12,+28,758,NW 4m/s,+24,758,NW 4m/s
2023/8,13,+29,759,N 4m/s,+25,759,N 4m/s
2023/8,14,+31,761,3m/s,+26,761,3m/s
2023/8,15,+32,761,E 5m/s,+28,759,E 5m/s
2023/8,16,+34,759,NE 5m/s,+30,758,NE 5m/s
2023/8,17,+33,757,NE 5m/s,+29,758,NE 5m/s
2023/8,18,+32,758,5m/s,+28,758,5m/s
2023/8,19,+33,758,N 3m/s,+28,758,N 3m/s
2023/8,20,+36,757,2m/s,+31,756,2m/s
2023/8,21,+34,756,N 6m/s,+30,756,N 6m/s
2023/8,22,+32,757,N 5m/s,+25,757,N 5m/s
2023/8,23,+32,756,N 4m/s,+28,755,N 4m/s
2023/8,24,+31,755,N 3m/s,+25,755,N 3m/s
2023/8,25,+31,755,2m/s,+27,755,2m/s
2023/8,26,+35,755,SW 4m/s,+28,754,SW 4m/s
2023/8,27,+36,752,W 3m/s,+28,752,W 3m/s
2023/8,28,+38,751,2m/s,+29,750,2m/s
2023/8,29,+37,749,SE 5m/s,+29,750,SE 5m/s
2023/8,30,+32,750,SE 5m/s,+22,751,SE 5m/s
2023/8,31,+30,752,3m/s,+26,752,3m/s
2023/7,1,+29,750,SE 2m/s,+25,749,SE 2m/s
2023/7,2,+31,748,W 4m/s,+27,749,W 4m/s
2023/7,3,+31,752,N 5m/s,+22,754,N 5m/s
2023/7,4,+30,755,SE 3m/s,+27,755,SE 3m/s
2023/7,5,+35,755,SE 3m/s,+28,754,SE 3m/s
2023/7,6,+35,752,2m/s,+27,752,2m/s
2023/7,7,+27,752,N 10m/s,+22,753,N 10m/s
2023/7,8,+18,755,NW 8m/s,+19,755,NW 8m/s
2023/7,9,+27,755,N 9m/s,+24,756,N 9m/s
2023/7,10,+28,755,NW 7m/s,+24,755,NW 7m/s
2023/7,11,+27,754,NW 4m/s,+19,755,NW 4m/s
2023/7,12,+27,756,2m/s,+23,755,2m/s
2023/7,13,+32,754,W 3m/s,+25,752,W 3m/s
2023/7,14,+27,755,NW 8m/s,+25,756,NW 8m/s
2023/7,15,+29,758,3m/s,+22,758,3m/s
2023/7,16,+31,758,3m/s,+26,757,3m/s
2023/7,17,+35,756,SW 4m/s,+30,755,SW 4m/s
2023/7,18,+30,754,NW 8m/s,+28,755,NW 8m/s
2023/7,19,+29,753,SW 5m/s,+26,751,SW 5m/s
2023/7,20,+31,749,N 3m/s,+28,749,N 3m/s
2023/7,21,+29,755,N 4m/s,+25,755,N 4m/s
2023/7,22,+32,752,W 7m/s,+26,753,W 7m/s
2023/7,23,+28,756,NW 4m/s,+25,755,NW 4m/s
2023/7,24,+30,754,W 4m/s,+26,752,W 4m/s
2023/7,25,+36,748,W 5m/s,+31,746,W 5m/s
2023/7,26,+35,745,S 4m/s,+23,745,S 4m/s
2023/7,27,+18,749,NW 4m/s,+18,750,NW 4m/s
2023/7,28,+26,753,W 7m/s,+23,752,W 7m/s
2023/7,29,+30,752,W 2m/s,+23,752,W 2m/s
2023/7,30,+32,751,SW 3m/s,+26,751,SW 3m/s
2023/7,31,+21,752,SW 3m/s,+21,752,SW 3m/s
2023/6,1,+26,755,N 3m/s,+23,754,N 3m/s
2023/6,2,+28,752,SE 3m/s,+23,751,SE 3m/s
2023/6,3,+20,757,N 5m/s,+17,758,N 5m/s
2023/6,4,+22,761,NW 2m/s,+20,760,NW 2m/s
2023/6,5,+24,760,S 3m/s,+20,761,S 3m/s
2023/6,6,+25,761,S 4m/s,+20,760,S 4m/s
2023/6,7,+25,759,SE 4m/s,+20,758,SE 4m/s
2023/6,8,+24,758,E 4m/s,+22,756,E 4m/s
2023/6,9,+27,755,E 2m/s,+24,753,E 2m/s
2023/6,10,+28,751,E 3m/s,+26,751,E 3m/s
2023/6,11,+25,752,N 4m/s,+19,753,N 4m/s
2023/6,12,+17,754,N 7m/s,+14,755,N 7m/s
2023/6,13,+18,754,N 3m/s,+18,754,N 3m/s
2023/6,14,+23,755,NW 2m/s,+22,755,NW 2m/s
2023/6,15,+28,754,NE 2m/s,+26,753,NE 2m/s
2023/6,16,+28,752,E 3m/s,+24,751,E 3m/s
2023/6,17,+29,750,NE 1m/s,+26,750,NE 1m/s
2023/6,18,+28,752,E 2m/s,+24,753,E 2m/s
2023/6,19,+21,755,N 3m/s,+22,754,N 3m/s
2023/6,20,+28,755,NE 3m/s,+26,755,NE 3m/s
2023/6,21,+26,756,N 5m/s,+24,757,N 5m/s
2023/6,22,+31,758,W 2m/s,+26,757,W 2m/s
2023/6,23,+33,756,SW 4m/s,+28,755,SW 4m/s
2023/6,24,+33,754,W 4m/s,+26,754,W 4m/s
2023/6,25,+28,753,NW 5m/s,+23,753,NW 5m/s
2023/6,26,+28,751,NW 8m/s,+25,752,NW 8m/s
2023/6,27,+30,751,NW 4m/s,+23,750,NW 4m/s
2023/6,28,+21,752,W 4m/s,+17,753,W 4m/s
2023/6,29,+23,752,NW 7m/s,+18,752,NW 7m/s
2023/6,30,+28,752,N 7m/s,+23,751,N 7m/s
2023/5,1,+18,758,NW 6m/s,+15,759,NW 6m/s
2023/5,2,+20,762,E 2m/s,+15,761,E 2m/s
2023/5,3,+21,762,SE 6m/s,+15,761,SE 6m/s
2023/5,4,+17,761,SE 1m/s,+15,759,SE 1m/s
2023/5,5,+20,758,NE 2m/s,+17,758,NE 2m/s
2023/5,6,+19,759,E 4m/s,+15,760,E 4m/s
2023/5,7,+17,758,E 3m/s,+13,759,E 3m/s
2023/5,8,+10,761,NW 3m/s,+8,762,NW 3m/s
2023/5,9,+12,762,NW 2m/s,+11,761,NW 2m/s
2023/5,10,+15,761,Ш,+12,761,Ш
2023/5,11,+16,761,E 2m/s,+13,761,E 2m/s
2023/5,12,+18,761,E 3m/s,+14,761,E 3m/s
2023/5,13,+20,761,N 3m/s,+17,761,N 3m/s
2023/5,14,+22,761,SW 2m/s,+18,760,SW 2m/s
2023/5,15,+22,757,S 7m/s,+16,757,S 7m/s
2023/5,16,+23,756,S 6m/s,+18,756,S 6m/s
2023/5,17,+25,755,SE 4m/s,+22,755,SE 4m/s
2023/5,18,+25,755,E 3m/s,+21,756,E 3m/s
2023/5,19,+25,757,N 4m/s,+20,758,N 4m/s
2023/5,20,+24,758,E 1m/s,+22,758,E 1m/s
2023/5,21,+24,755,NE 2m/s,+22,755,NE 2m/s
2023/5,22,+21,755,N 3m/s,+18,755,N 3m/s
2023/5,23,+18,753,E 3m/s,+18,753,E 3m/s
2023/5,24,+25,753,NE 1m/s,+21,754,NE 1m/s
2023/5,25,+22,755,NE 3m/s,+17,756,NE 3m/s
2023/5,26,+25,755,NE 3m/s,+17,754,NE 3m/s
2023/5,27,+23,755,NE 3m/s,+18,755,NE 3m/s
2023/5,28,+23,755,NE 2m/s,+21,755,NE 2m/s
2023/5,29,+24,755,NE 3m/s,+22,754,NE 3m/s
2023/5,30,+25,754,N 5m/s,+22,755,N 5m/s
2023/5,31,+26,755,NW 4m/s,+23,755,NW 4m/s
2023/4,1,+14,747,SE 5m/s,+9,746,SE 5m/s
2023/4,2,+9,747,N 4m/s,+8,750,N 4m/s
2023/4,3,+7,755,NW 6m/s,+6,757,NW 6m/s
2023/4,4,+4,755,N 4m/s,+4,752,N 4m/s
2023/4,5,+1,751,NW 9m/s,0,750,NW 9m/s
2023/4,6,+1,751,W 6m/s,+2,753,W 6m/s
2023/4,7,+9,757,SE 2m/s,+7,759,SE 2m/s
2023/4,8,+13,761,E 2m/s,+10,762,E 2m/s
2023/4,9,+13,761,NE 2m/s,+8,761,NE 2m/s
2023/4,10,+14,758,E 3m/s,+12,756,E 3m/s
2023/4,11,+8,751,N 3m/s,+8,749,N 3m/s
2023/4,12,+13,747,NW 4m/s,+10,747,NW 4m/s
2023/4,13,+13,749,NW 7m/s,+12,751,NW 7m/s
2023/4,14,+17,751,E 4m/s,+15,751,E 4m/s
2023/4,15,+12,754,E 3m/s,+11,755,E 3m/s
2023/4,16,+13,758,E 2m/s,+11,758,E 2m/s
2023/4,17,+10,758,NE 4m/s,+12,757,NE 4m/s
2023/4,18,+12,755,Ш,+10,755,Ш
2023/4,19,+15,752,N 1m/s,+11,751,N 1m/s
2023/4,20,+9,751,N 4m/s,+9,750,N 4m/s
2023/4,21,+9,751,N 4m/s,+9,752,N 4m/s
2023/4,22,+17,754,N 6m/s,+14,755,N 6m/s
2023/4,23,+16,755,SW 4m/s,+13,755,SW 4m/s
2023/4,24,+16,753,S 6m/s,+13,752,S 6m/s
2023/4,25,+11,750,SW 2m/s,+11,748,SW 2m/s
2023/4,26,+14,748,W 4m/s,+8,750,W 4m/s
2023/4,27,+9,753,N 10m/s,+9,755,N 10m/s
2023/4,28,+14,756,N 10m/s,+11,756,N 10m/s
2023/4,29,+15,755,NW 6m/s,+13,755,NW 6m/s
2023/4,30,+14,753,N 2m/s,+13,753,N 2m/s
2023/3,1,+6,761,NW 6m/s,+2,763,NW 6m/s
2023/3,2,+5,762,N 2m/s,+3,762,N 2m/s
2023/3,3,+8,756,W 2m/s,+5,756,W 2m/s
2023/3,4,+11,751,SW 6m/s,+6,751,SW 6m/s
2023/3,5,+4,753,NW 2m/s,+3,751,NW 2m/s
2023/3,6,+6,752,W 3m/s,+5,752,W 3m/s
2023/3,7,+11,749,W 5m/s,+8,749,W 5m/s
2023/3,8,+14,749,SW 6m/s,+11,748,SW 6m/s
2023/3,9,+19,743,SW 9m/s,+14,743,SW 9m/s
2023/3,10,+17,747,SE 4m/s,+11,749,SE 4m/s
2023/3,11,+14,738,S 4m/s,+10,739,S 4m/s
2023/3,12,+6,753,NW 7m/s,+3,757,NW 7m/s
2023/3,13,+11,758,S 7m/s,+6,758,S 7m/s
2023/3,14,+13,755,S 8m/s,+7,754,S 8m/s
2023/3,15,+6,751,SE 5m/s,+7,750,SE 5m/s
2023/3,16,+5,753,NW 6m/s,+2,759,NW 6m/s
2023/3,17,+8,761,N 5m/s,+5,763,N 5m/s
2023/3,18,+6,763,N 2m/s,+5,763,N 2m/s
2023/3,19,+5,762,SE 1m/s,+4,761,SE 1m/s
2023/3,20,+5,759,SW 3m/s,+7,757,SW 3m/s
2023/3,21,+15,756,S 3m/s,+11,755,S 3m/s
2023/3,22,+16,757,SE 2m/s,+12,758,SE 2m/s
2023/3,23,+17,757,S 2m/s,+12,757,S 2m/s
2023/3,24,+20,755,S 3m/s,+15,753,S 3m/s
2023/3,25,+19,749,S 9m/s,+12,749,S 9m/s
2023/3,26,+11,750,NW 5m/s,+8,750,NW 5m/s
2023/3,27,+17,746,S 5m/s,+10,745,S 5m/s
2023/3,28,+2,746,NW 12m/s,+2,752,NW 12m/s
2023/3,29,+1,757,NW 7m/s,0,759,NW 7m/s
2023/3,30,+9,759,NW 4m/s,+7,758,NW 4m/s
2023/3,31,+12,751,W 4m/s,+7,751,W 4m/s
2023/2,1,+2,752,W 5m/s,+1,754,W 5m/s
2023/2,2,+6,752,SW 4m/s,+1,753,SW 4m/s
2023/2,3,+4,757,NW 7m/s,-2,756,NW 7m/s
2023/2,4,0,755,E 3m/s,-2,758,E 3m/s
2023/2,5,-2,763,N 8m/s,-3,764,N 8m/s
2023/2,6,-1,767,N 4m/s,-3,769,N 4m/s
2023/2,7,-3,768,N 4m/s,-4,770,N 4m/s
2023/2,8,0,777,N 2m/s,-4,778,N 2m/s
2023/2,9,-1,776,N 1m/s,-2,776,N 1m/s
2023/2,10,+2,770,SW 3m/s,-3,771,SW 3m/s
2023/2,11,+2,766,W 5m/s,-3,764,W 5m/s
2023/2,12,+5,766,N 5m/s,0,770,N 5m/s
2023/2,13,+5,768,W 6m/s,+2,767,W 6m/s
2023/2,14,+5,761,NW 7m/s,+4,762,NW 7m/s
2023/2,15,+4,764,NW 6m/s,+2,766,NW 6m/s
2023/2,16,+9,764,SW 3m/s,+3,761,SW 3m/s
2023/2,17,+10,758,NW 7m/s,+6,758,NW 7m/s
2023/2,18,+13,752,W 4m/s,+8,753,W 4m/s
2023/2,19,+9,753,W 5m/s,+6,752,W 5m/s
2023/2,20,+6,758,NW 6m/s,+3,755,NW 6m/s
2023/2,21,+15,746,NW 11m/s,+8,749,NW 11m/s
2023/2,22,+7,757,N 4m/s,+5,757,N 4m/s
2023/2,23,+5,763,E 2m/s,0,763,E 2m/s
2023/2,24,+7,753,S 8m/s,+6,750,S 8m/s
2023/2,25,+12,743,SW 6m/s,+11,743,SW 6m/s
2023/2,26,+5,751,NE 2m/s,+4,753,NE 2m/s
2023/2,27,+3,757,E 2m/s,+1,763,E 2m/s
2023/2,28,+3,768,N 3m/s,+1,765,N 3m/s
2023/1,1,+14,765,W 3m/s,+10,765,W 3m/s
2023/1,2,+12,763,E 1m/s,+9,762,E 1m/s
2023/1,3,+14,763,NW 4m/s,+9,764,NW 4m/s
2023/1,4,+6,764,NW 3m/s,+2,763,NW 3m/s
2023/1,5,+6,752,W 6m/s,+6,751,W 6m/s
2023/1,6,+4,758,NW 8m/s,+1,763,NW 8m/s
2023/1,7,+2,761,S 3m/s,0,764,S 3m/s
2023/1,8,-5,765,E 4m/s,-5,764,E 4m/s
2023/1,9,+6,758,S 7m/s,+5,759,S 7m/s
2023/1,10,+2,756,E 8m/s,+2,758,E 8m/s
2023/1,11,-6,764,E 3m/s,-6,764,E 3m/s
2023/1,12,-3,761,NE 2m/s,-3,761,NE 2m/s
2023/1,13,-3,762,SE 2m/s,-4,762,SE 2m/s
2023/1,14,-3,762,E 2m/s,-3,763,E 2m/s
2023/1,15,-2,760,S 2m/s,-2,759,S 2m/s
2023/1,16,+6,752,S 6m/s,+6,751,S 6m/s
2023/1,17,+11,744,S 5m/s,+7,748,S 5m/s
2023/1,18,+14,745,S 7m/s,+12,749,S 7m/s
2023/1,19,+17,749,S 6m/s,+11,752,S 6m/s
2023/1,20,+14,751,SE 5m/s,+8,752,SE 5m/s
2023/1,21,+7,757,S 3m/s,+5,761,S 3m/s
2023/1,22,+3,766,E 3m/s,+1,767,E 3m/s
2023/1,23,-1,770,N 2m/s,-1,771,N 2m/s
2023/1,24,-2,769,N 1m/s,-2,771,N 1m/s
2023/1,25,-2,769,N 1m/s,-2,768,N 1m/s
2023/1,26,-2,764,E 3m/s,-3,763,E 3m/s
2023/1,27,-2,758,NE 3m/s,-3,758,NE 3m/s
2023/1,28,-2,755,N 4m/s,-2,756,N 4m/s
2023/1,29,0,759,N 5m/s,-2,760,N 5m/s
2023/1,30,0,754,SW 5m/s,-4,751,SW 5m/s
2023/1,31,+3,751,NW 5m/s,+2,752,NW 5m/s
2022/12,1,-1,765,N 2m/s,-1,765,N 2m/s
2022/12,2,0,764,NE 1m/s,-1,765,NE 1m/s
2022/12,3,-1,768,E 2m/s,-2,770,E 2m/s
2022/12,4,-3,770,E 4m/s,-4,771,E 4m/s
2022/12,5,-4,769,E 4m/s,-5,768,E 4m/s
2022/12,6,-3,762,E 4m/s,-2,761,E 4m/s
2022/12,7,+5,755,SW 3m/s,+3,756,SW 3m/s
2022/12,8,+3,758,E 1m/s,+3,758,E 1m/s
2022/12,9,+6,755,W 4m/s,+5,753,W 4m/s
2022/12,10,+9,748,SW 2m/s,+9,747,SW 2m/s
2022/12,11,+13,740,S 4m/s,+11,742,S 4m/s
2022/12,12,+1,749,W 1m/s,+2,749,W 1m/s
2022/12,13,0,752,NW 6m/s,-1,755,NW 6m/s
2022/12,14,+1,758,S 4m/s,+1,757,S 4m/s
2022/12,15,+4,753,E 3m/s,+2,757,E 3m/s
2022/12,16,+5,755,S 6m/s,+8,755,S 6m/s
2022/12,17,+11,752,SW 4m/s,+4,758,SW 4m/s
2022/12,18,-1,770,NW 8m/s,-2,772,NW 8m/s
2022/12,19,-2,776,NW 3m/s,-5,776,NW 3m/s
2022/12,20,+1,769,S 7m/s,-1,767,S 7m/s
2022/12,21,+2,759,S 3m/s,0,758,S 3m/s
2022/12,22,+2,755,S 4m/s,0,756,S 4m/s
2022/12,23,+3,755,S 1m/s,+1,755,S 1m/s
2022/12,24,+6,752,S 2m/s,+3,754,S 2m/s
2022/12,25,+4,759,NW 6m/s,+4,762,NW 6m/s
2022/12,26,+5,762,S 3m/s,+3,761,S 3m/s
2022/12,27,+5,757,SW 1m/s,+6,760,SW 1m/s
2022/12,28,+6,766,NW 5m/s,+1,767,NW 5m/s
2022/12,29,+6,761,S 3m/s,+2,761,S 3m/s
2022/12,30,+10,758,W 2m/s,+5,761,W 2m/s
2022/12,31,+12,763,S 3m/s,+7,763,S 3m/s
2022/11,1,+15,763,S 1m/s,+10,761,S 1m/s
2022/11,2,+16,758,N 8m/s,+12,758,N 8m/s
2022/11,3,+15,761,NW 6m/s,+10,761,NW 6m/s
2022/11,4,+14,757,S 3m/s,+11,756,S 3m/s
2022/11,5,+15,758,SE 6m/s,+10,761,SE 6m/s
2022/11,6,+7,762,E 4m/s,+8,763,E 4m/s
2022/11,7,+9,761,E 3m/s,+5,761,E 3m/s
2022/11,9,+13,761,S 3m/s,+7,763,S 3m/s
2022/11,10,+15,764,S 5m/s,+9,763,S 5m/s
2022/11,11,+12,767,NW 5m/s,+9,768,NW 5m/s
2022/11,12,+13,770,SW 3m/s,+8,770,SW 3m/s
2022/11,13,+7,768,N 3m/s,+7,767,N 3m/s
2022/11,14,+11,765,N 2m/s,+5,765,N 2m/s
2022/11,15,+9,760,SW 6m/s,+8,757,SW 6m/s
2022/11,16,+6,749,SW 1m/s,+5,749,SW 1m/s
2022/11,17,+4,744,NE 2m/s,+3,745,NE 2m/s
2022/11,18,+3,749,SE 3m/s,+4,749,SE 3m/s
2022/11,19,+5,755,NW 4m/s,+2,759,NW 4m/s
2022/11,20,+1,753,NE 3m/s,+1,754,NE 3m/s
2022/11,21,+1,747,N 4m/s,0,749,N 4m/s
2022/11,22,+2,753,W 2m/s,+1,754,W 2m/s
2022/11,23,+4,750,E 5m/s,+8,747,E 5m/s
2022/11,24,+5,749,N 3m/s,+3,750,N 3m/s
2022/11,25,+2,756,NW 7m/s,+2,758,NW 7m/s
2022/11,26,+3,762,NW 6m/s,+2,764,NW 6m/s
2022/11,27,+3,767,NW 3m/s,+3,766,NW 3m/s
2022/11,28,+1,765,NE 1m/s,+2,764,NE 1m/s
2022/11,29,+3,764,E 3m/s,+1,765,E 3m/s
2022/11,30,0,765,NE 1m/s,-1,766,NE 1m/s
2022/10,1,+27,756,S 4m/s,+21,753,S 4m/s
2022/10,2,+17,749,NW 8m/s,+13,751,NW 8m/s
2022/10,3,+17,750,NW 5m/s,+10,752,NW 5m/s
2022/10,4,+16,758,W 5m/s,+12,761,W 5m/s
2022/10,5,+17,764,NW 3m/s,+13,767,NW 3m/s
2022/10,6,+21,764,SW 3m/s,+17,764,SW 3m/s
2022/10,7,+19,764,N 2m/s,+17,764,N 2m/s
2022/10,8,+19,761,E 2m/s,+15,761,E 2m/s
2022/10,9,+20,759,N 3m/s,+14,761,N 3m/s
2022/10,10,+15,764,N 5m/s,+11,766,N 5m/s
2022/10,11,+17,763,SW 1m/s,+14,764,SW 1m/s
2022/10,12,+18,762,N 3m/s,+13,764,N 3m/s
2022/10,13,+12,764,NE 1m/s,+10,764,NE 1m/s
2022/10,14,+14,761,SW 1m/s,+11,763,SW 1m/s
2022/10,15,+13,764,SE 2m/s,+9,764,SE 2m/s
2022/10,16,+13,767,N 2m/s,+10,768,N 2m/s
2022/10,17,+17,770,S 2m/s,+12,771,S 2m/s
2022/10,18,+19,767,S 4m/s,+12,764,S 4m/s
2022/10,19,+17,757,NW 4m/s,+11,757,NW 4m/s
2022/10,20,+11,761,NW 8m/s,+6,764,NW 8m/s
2022/10,21,+11,764,S 2m/s,+7,762,S 2m/s
2022/10,22,+16,759,S 5m/s,+11,758,S 5m/s
2022/10,23,+13,758,NW 6m/s,+13,760,NW 6m/s
2022/10,24,+19,760,SW 4m/s,+14,759,SW 4m/s
2022/10,25,+18,756,S 3m/s,+15,756,S 3m/s
2022/10,26,+17,760,N 5m/s,+13,762,N 5m/s
2022/10,27,+16,764,NW 5m/s,+12,765,NW 5m/s
2022/10,28,+17,765,SW 2m/s,+12,764,SW 2m/s
2022/10,29,+18,764,SW 5m/s,+14,761,SW 5m/s
2022/10,30,+17,760,NW 5m/s,+14,759,NW 5m/s
2022/10,31,+14,760,N 6m/s,+11,761,N 6m/s
2022/9,1,+24,757,N 3m/s,+20,757,N 3m/s
2022/9,2,+20,758,NE 2m/s,+19,758,NE 2m/s
2022/9,3,+14,758,N 1m/s,+12,759,N 1m/s
2022/9,4,+19,762,N 3m/s,+18,762,N 3m/s
2022/9,5,+21,761,N 3m/s,+18,764,N 3m/s
2022/9,6,+19,763,N 3m/s,+18,761,N 3m/s
2022/9,7,+20,761,S 4m/s,+17,761,S 4m/s
2022/9,8,+26,756,SW 1m/s,+23,756,SW 1m/s
2022/9,9,+25,757,S 4m/s,+21,756,S 4m/s
2022/9,10,+23,755,S 6m/s,+19,754,S 6m/s
2022/9,11,+22,752,NW 3m/s,+18,751,NW 3m/s
2022/9,12,+18,751,NW 5m/s,+13,753,NW 5m/s
2022/9,13,+14,752,NW 6m/s,+14,754,NW 6m/s
2022/9,14,+22,752,SW 4m/s,+20,751,SW 4m/s
2022/9,15,+26,746,W 6m/s,+22,747,W 6m/s
2022/9,16,+24,748,NW 5m/s,+21,748,NW 5m/s
2022/9,17,+18,747,NW 3m/s,+17,747,NW 3m/s
2022/9,18,+19,744,NW 8m/s,+12,751,NW 8m/s
2022/9,19,+17,753,SW 4m/s,+13,755,SW 4m/s
2022/9,20,+14,753,W 7m/s,+11,754,W 7m/s
2022/9,21,+14,755,NW 4m/s,+10,757,NW 4m/s
2022/9,22,+15,757,N 4m/s,+11,758,N 4m/s
2022/9,23,+14,758,W 5m/s,+10,758,W 5m/s
2022/9,24,+15,757,NW 5m/s,+10,758,NW 5m/s
2022/9,25,+19,758,W 3m/s,+16,756,W 3m/s
2022/9,26,+24,750,SW 4m/s,+19,749,SW 4m/s
2022/9,27,+21,744,NW 1m/s,+17,745,NW 1m/s
2022/9,28,+21,746,N 3m/s,+19,749,N 3m/s
2022/9,29,+24,749,S 2m/s,+18,751,S 2m/s
2022/9,30,+25,753,SW 3m/s,+22,755,SW 3m/s
2022/8,1,+26,750,NW 4m/s,+20,751,NW 4m/s
2022/8,2,+24,753,NW 5m/s,+20,755,NW 5m/s
2022/8,3,+24,755,NW 6m/s,+22,756,NW 6m/s
2022/8,4,+25,755,NW 2m/s,+24,755,NW 2m/s
2022/8,5,+28,756,N 3m/s,+25,754,N 3m/s
2022/8,6,+29,755,N 2m/s,+26,755,N 2m/s
2022/8,7,+32,754,SE 2m/s,+25,758,SE 2m/s
2022/8,8,+30,758,E 2m/s,+26,758,E 2m/s
2022/8,9,+30,758,N 3m/s,+20,759,N 3m/s
2022/8,10,+23,758,N 6m/s,+18,758,N 6m/s
2022/8,11,+23,757,N 4m/s,+20,758,N 4m/s
2022/8,12,+24,756,NW 4m/s,+21,755,NW 4m/s
2022/8,13,+27,753,N 3m/s,+25,752,N 3m/s
2022/8,14,+29,748,E 3m/s,+23,749,E 3m/s
2022/8,15,+27,749,E 2m/s,+25,749,E 2m/s
2022/8,16,+20,749,N 4m/s,+21,752,N 4m/s
2022/8,17,+24,750,E 1m/s,+23,752,E 1m/s
2022/8,18,+27,751,NW 6m/s,+23,752,NW 6m/s
2022/8,19,+28,754,N 4m/s,+26,754,N 4m/s
2022/8,20,+27,753,NE 3m/s,+24,754,NE 3m/s
2022/8,21,+28,752,NE 2m/s,+25,752,NE 2m/s
2022/8,22,+30,750,E 4m/s,+28,750,E 4m/s
2022/8,23,+30,754,E 2m/s,+27,755,E 2m/s
2022/8,24,+29,755,NE 2m/s,+28,755,NE 2m/s
2022/8,25,+31,754,E 3m/s,+27,755,E 3m/s
2022/8,26,+29,752,N 3m/s,+26,751,N 3m/s
2022/8,27,+29,752,W 2m/s,+26,754,W 2m/s
2022/8,28,+31,752,W 2m/s,+28,753,W 2m/s
2022/8,29,+33,755,N 2m/s,+30,755,N 2m/s
2022/8,30,+30,756,N 3m/s,+20,756,N 3m/s
2022/8,31,+24,757,NW 5m/s,+22,755,NW 5m/s
2022/7,1,+30,756,E 2m/s,+29,755,E 2m/s
2022/7,2,+31,758,NE 2m/s,+28,758,NE 2m/s
2022/7,3,+31,758,W 3m/s,+28,757,W 3m/s
2022/7,4,+30,757,E 3m/s,+27,756,E 3m/s
2022/7,5,+33,756,E 4m/s,+29,755,E 4m/s
2022/7,6,+33,753,S 5m/s,+26,754,S 5m/s
2022/7,7,+25,756,NW 6m/s,+20,756,NW 6m/s
2022/7,8,+27,756,N 3m/s,+24,754,N 3m/s
2022/7,9,+25,754,N 5m/s,+24,753,N 5m/s
2022/7,10,+25,751,NW 4m/s,+22,752,NW 4m/s
2022/7,11,+23,752,NW 6m/s,+20,755,NW 6m/s
2022/7,12,+23,757,W 4m/s,+20,755,W 4m/s
2022/7,13,+20,755,W 8m/s,+18,755,W 8m/s
2022/7,14,+29,755,NW 5m/s,+27,756,NW 5m/s
2022/7,15,+33,752,W 2m/s,+26,755,W 2m/s
2022/7,16,+27,756,N 2m/s,+22,756,N 2m/s
2022/7,17,+24,758,NW 6m/s,+20,760,NW 6m/s
2022/7,18,+24,761,NW 5m/s,+22,762,NW 5m/s
2022/7,19,+27,761,NW 3m/s,+26,759,NW 3m/s
2022/7,20,+29,758,NW 4m/s,+26,755,NW 4m/s
2022/7,21,+27,755,N 4m/s,+25,755,N 4m/s
2022/7,22,+29,754,N 4m/s,+27,755,N 4m/s
2022/7,23,+30,757,N 3m/s,+28,756,N 3m/s
2022/7,24,+23,755,S 1m/s,+27,755,S 1m/s
2022/7,25,+27,755,NW 5m/s,+24,755,NW 5m/s
2022/7,26,+29,752,N 3m/s,+27,752,N 3m/s
2022/7,27,+34,751,W 3m/s,+27,752,W 3m/s
2022/7,28,+28,758,NW 2m/s,+27,756,NW 2m/s
2022/7,29,+19,761,E 1m/s,+20,758,E 1m/s
2022/7,30,+26,757,E 3m/s,+25,755,E 3m/s
2022/7,31,+26,752,E 2m/s,+20,754,E 2m/s
2022/6,1,+27,756,W 1m/s,+24,756,W 1m/s
2022/6,2,+30,756,S 2m/s,+25,757,S 2m/s
2022/6,3,+26,759,N 3m/s,+23,761,N 3m/s
2022/6,4,+25,760,E 2m/s,+24,756,E 2m/s
2022/6,5,+23,755,NW 3m/s,+18,755,NW 3m/s
2022/6,6,+22,758,E 2m/s,+21,756,E 2m/s
2022/6,7,+26,756,E 3m/s,+24,755,E 3m/s
2022/6,8,+27,753,E 3m/s,+24,753,E 3m/s
2022/6,9,+28,752,SE 5m/s,+22,752,SE 5m/s
2022/6,10,+23,755,N 3m/s,+20,755,N 3m/s
2022/6,11,+25,755,SE 2m/s,+20,755,SE 2m/s
2022/6,12,+29,753,NW 5m/s,+23,752,NW 5m/s
2022/6,13,+29,754,NW 3m/s,+25,753,NW 3m/s
2022/6,14,+24,755,N 5m/s,+21,756,N 5m/s
2022/6,15,+23,760,W 5m/s,+20,760,W 5m/s
2022/6,16,+24,760,N 3m/s,+22,758,N 3m/s
2022/6,17,+28,755,W 4m/s,+20,758,W 4m/s
2022/6,18,+21,759,N 3m/s,+22,759,N 3m/s
2022/6,19,+27,758,NE 2m/s,+25,756,NE 2m/s
2022/6,20,+29,753,SW 6m/s,+24,752,SW 6m/s
2022/6,21,+30,747,NW 2m/s,+21,749,NW 2m/s
2022/6,22,+18,749,NW 7m/s,+15,751,NW 7m/s
2022/6,23,+22,751,N 7m/s,+18,752,N 7m/s
2022/6,24,+24,754,N 5m/s,+21,753,N 5m/s
2022/6,25,+26,755,NE 3m/s,+23,755,NE 3m/s
2022/6,26,+23,757,NE 2m/s,+23,756,NE 2m/s
2022/6,27,+30,756,NE 4m/s,+26,758,NE 4m/s
2022/6,28,+31,756,NE 3m/s,+28,757,NE 3m/s
2022/6,29,+33,755,E 3m/s,+31,755,E 3m/s
2022/6,30,+30,755,E 5m/s,+24,756,E 5m/s
2022/5,1,+17,761,N 2m/s,+14,759,N 2m/s
2022/5,2,+18,758,SE 1m/s,+15,756,SE 1m/s
2022/5,3,+18,756,SW 3m/s,+13,756,SW 3m/s
2022/5,4,+20,756,NW 5m/s,+15,758,NW 5m/s
2022/5,5,+17,762,NW 4m/s,+14,763,NW 4m/s
2022/5,6,+19,764,SE 3m/s,+15,764,SE 3m/s
2022/5,7,+20,761,S 3m/s,+15,763,S 3m/s
2022/5,8,+20,761,SW 4m/s,+14,762,SW 4m/s
2022/5,9,+21,761,NW 2m/s,+16,763,NW 2m/s
2022/5,10,+19,761,N 4m/s,+17,760,N 4m/s
2022/5,11,+22,757,NW 5m/s,+20,756,NW 5m/s
2022/5,12,+27,757,SW 3m/s,+22,756,SW 3m/s
2022/5,13,+27,756,E 2m/s,+16,757,E 2m/s
2022/5,14,+22,755,NW 7m/s,+18,756,NW 7m/s
2022/5,15,+20,758,W 6m/s,+18,758,W 6m/s
2022/5,16,+22,757,NW 4m/s,+20,756,NW 4m/s
2022/5,17,+23,755,NW 3m/s,+16,755,NW 3m/s
2022/5,18,+12,759,NW 9m/s,+11,760,NW 9m/s
2022/5,19,+20,763,NW 6m/s,+17,763,NW 6m/s
2022/5,20,+24,760,W 4m/s,+21,758,W 4m/s
2022/5,21,+28,752,W 7m/s,+24,751,W 7m/s
2022/5,22,+20,749,NW 8m/s,+15,752,NW 8m/s
2022/5,23,+15,752,NW 5m/s,+13,753,NW 5m/s
2022/5,24,+20,755,SW 3m/s,+19,755,SW 3m/s
2022/5,25,+25,756,SW 6m/s,+19,756,SW 6m/s
2022/5,26,+22,758,NW 6m/s,+19,758,NW 6m/s
2022/5,27,+25,756,W 5m/s,+22,753,W 5m/s
2022/5,28,+20,752,N 1m/s,+16,754,N 1m/s
2022/5,29,+17,755,E 3m/s,+16,754,E 3m/s
2022/5,30,+22,753,S 3m/s,+19,755,S 3m/s
2022/5,31,+26,756,N 2m/s,+23,756,N 2m/s
2022/4,1,+24,740,SW 7m/s,+17,740,SW 7m/s
2022/4,2,+13,742,W 2m/s,+10,743,W 2m/s
2022/4,3,+4,749,W 5m/s,+3,752,W 5m/s
2022/4,4,+5,758,W 5m/s,+4,756,W 5m/s
2022/4,5,+13,751,W 5m/s,+10,752,W 5m/s
2022/4,6,+19,752,SW 4m/s,+14,752,SW 4m/s
2022/4,7,+13,747,SE 6m/s,+8,746,SE 6m/s
2022/4,8,+21,744,NW 6m/s,+16,747,NW 6m/s
2022/4,9,+23,743,SW 7m/s,+19,746,SW 7m/s
2022/4,10,+6,750,N 4m/s,+3,752,N 4m/s
2022/4,11,+9,755,N 7m/s,+7,757,N 7m/s
2022/4,12,+9,758,NW 8m/s,+8,759,NW 8m/s
2022/4,13,+12,755,NW 12m/s,+9,757,NW 12m/s
2022/4,14,+13,760,N 5m/s,+12,761,N 5m/s
2022/4,15,+20,758,SW 4m/s,+15,757,SW 4m/s
2022/4,16,+17,755,NW 5m/s,+12,756,NW 5m/s
2022/4,17,+9,758,N 4m/s,+6,758,N 4m/s
2022/4,18,+9,754,N 5m/s,+7,754,N 5m/s
2022/4,19,+11,754,NW 5m/s,+8,754,NW 5m/s
2022/4,20,+8,754,SW 5m/s,+3,755,SW 5m/s
2022/4,21,+14,752,SW 6m/s,+11,755,SW 6m/s
2022/4,22,+15,755,S 6m/s,+11,752,S 6m/s
2022/4,23,+19,749,S 5m/s,+11,750,S 5m/s
2022/4,24,+19,752,SW 2m/s,+17,752,SW 2m/s
2022/4,25,+22,749,S 3m/s,+12,751,S 3m/s
2022/4,26,+20,755,NW 5m/s,+16,756,NW 5m/s
2022/4,27,+18,758,N 1m/s,+15,758,N 1m/s
2022/4,28,+12,761,E 1m/s,+11,761,E 1m/s
2022/4,29,+12,763,N 3m/s,+11,764,N 3m/s
2022/4,30,+17,761,NE 2m/s,+13,761,NE 2m/s
2022/3,1,0,764,N 5m/s,0,763,N 5m/s
2022/3,2,0,756,N 4m/s,-1,755,N 4m/s
2022/3,3,+1,754,NW 5m/s,+2,752,NW 5m/s
2022/3,4,+3,756,NW 4m/s,+2,755,NW 4m/s
2022/3,5,0,759,NW 5m/s,-1,761,NW 5m/s
2022/3,6,+1,760,NE 2m/s,0,761,NE 2m/s
2022/3,7,0,756,NW 2m/s,-1,756,NW 2m/s
2022/3,8,+2,755,NW 7m/s,-2,758,NW 7m/s
2022/3,9,-2,760,N 3m/s,-2,759,N 3m/s
2022/3,10,-2,764,N 4m/s,-4,766,N 4m/s
2022/3,11,-6,765,N 3m/s,-5,767,N 3m/s
2022/3,12,+2,767,N 4m/s,+1,764,N 4m/s
2022/3,13,+3,765,NE 2m/s,+1,768,NE 2m/s
2022/3,14,+3,772,N 1m/s,+2,772,N 1m/s
2022/3,15,+10,767,N 3m/s,+7,766,N 3m/s
2022/3,16,+4,765,E 5m/s,+1,767,E 5m/s
2022/3,17,+2,771,NE 4m/s,-1,773,NE 4m/s
2022/3,18,+1,776,NE 4m/s,-1,778,NE 4m/s
2022/3,19,+4,777,NE 3m/s,+2,776,NE 3m/s
2022/3,20,+8,775,NE 3m/s,+6,773,NE 3m/s
2022/3,21,+13,771,N 4m/s,+10,770,N 4m/s
2022/3,22,+15,770,E 4m/s,+10,770,E 4m/s
2022/3,23,+14,767,E 3m/s,+12,764,E 3m/s
2022/3,24,+18,758,N 8m/s,+9,759,N 8m/s
2022/3,25,+8,761,N 4m/s,+7,763,N 4m/s
2022/3,26,+16,761,W 5m/s,+12,758,W 5m/s
2022/3,27,+9,763,NW 10m/s,+6,765,NW 10m/s
2022/3,28,+14,763,SW 6m/s,+11,758,SW 6m/s
2022/3,29,+18,752,SW 5m/s,+15,750,SW 5m/s
2022/3,30,+22,748,W 4m/s,+18,748,W 4m/s
2022/3,31,+20,746,SW 5m/s,+18,744,SW 5m/s
2022/2,1,+4,750,1m/s,+1,751,1m/s
2022/2,2,+4,747,W 4m/s,0,748,W 4m/s
2022/2,3,+4,755,N 7m/s,0,757,N 7m/s
2022/2,4,+4,757,NW 4m/s,+1,757,NW 4m/s
2022/2,5,+6,753,SW 2m/s,+5,755,SW 2m/s
2022/2,6,+8,757,W 7m/s,+2,755,W 7m/s
2022/2,7,+11,743,W 5m/s,+3,744,W 5m/s
2022/2,8,+4,755,N 11m/s,+1,758,N 11m/s
2022/2,9,+7,759,N 6m/s,0,761,N 6m/s
2022/2,10,+10,761,NW 2m/s,+3,761,NW 2m/s
2022/2,11,+13,758,NE 3m/s,+8,759,NE 3m/s
2022/2,12,+6,765,N 8m/s,+2,769,N 8m/s
2022/2,13,+7,768,S 5m/s,0,766,S 5m/s
2022/2,14,+7,763,SE 3m/s,0,761,SE 3m/s
2022/2,15,+4,760,S 4m/s,+1,759,S 4m/s
2022/2,16,+12,755,SW 5m/s,+6,754,SW 5m/s
2022/2,17,+16,743,W 9m/s,+10,741,W 9m/s
2022/2,18,+7,750,NW 7m/s,+3,755,NW 7m/s
2022/2,19,+13,752,W 8m/s,+9,753,W 8m/s
2022/2,20,+10,756,S 4m/s,+5,755,S 4m/s
2022/2,21,+12,751,SW 7m/s,+8,748,SW 7m/s
2022/2,22,+7,749,NE 1m/s,+8,752,NE 1m/s
2022/2,23,+10,758,W 6m/s,+7,759,W 6m/s
2022/2,24,+5,764,N 3m/s,+4,763,N 3m/s
2022/2,25,+8,757,W 2m/s,+7,757,W 2m/s
2022/2,26,+8,764,N 3m/s,+5,766,N 3m/s
2022/2,27,+6,767,N 3m/s,+3,767,N 3m/s
2022/2,28,+3,764,NE 3m/s,+3,764,NE 3m/s
2022/1,1,+7,754,NW 3m/s,+5,755,NW 3m/s
2022/1,2,+5,761,N 3m/s,0,759,N 3m/s
2022/1,3,+9,749,W 4m/s,+7,749,W 4m/s
2022/1,4,+11,751,W 5m/s,+8,749,W 5m/s
2022/1,5,+14,746,SW 3m/s,+9,746,SW 3m/s
2022/1,6,+8,749,N 4m/s,+3,752,N 4m/s
2022/1,7,+3,761,N 5m/s,-3,762,N 5m/s
2022/1,8,+2,759,E 5m/s,0,757,E 5m/s
2022/1,9,+1,749,E 2m/s,+2,749,E 2m/s
2022/1,10,+1,754,N 6m/s,0,758,N 6m/s
2022/1,11,-2,762,N 8m/s,-3,764,N 8m/s
2022/1,12,-4,765,N 8m/s,-6,766,N 8m/s
2022/1,13,-1,764,W 5m/s,-1,761,W 5m/s
2022/1,14,+7,752,NW 9m/s,+7,749,NW 9m/s
2022/1,15,+3,755,N 10m/s,+3,758,N 10m/s
2022/1,16,+3,761,NW 4m/s,-3,759,NW 4m/s
2022/1,17,+5,749,W 6m/s,+4,746,W 6m/s
2022/1,18,+1,756,N 9m/s,-1,759,N 9m/s
2022/1,19,+1,763,NW 5m/s,-2,761,NW 5m/s
2022/1,20,+5,752,W 4m/s,0,751,W 4m/s
2022/1,21,+3,753,NW 9m/s,-3,753,NW 9m/s
2022/1,22,+1,753,N 4m/s,-3,755,N 4m/s
2022/1,23,-1,758,N 5m/s,-3,761,N 5m/s
2022/1,24,-2,765,N 8m/s,-5,766,N 8m/s
2022/1,25,-6,762,N 3m/s,-10,761,N 3m/s
2022/1,26,+2,757,N 3m/s,+1,759,N 3m/s
2022/1,27,+2,758,W 3m/s,+1,757,W 3m/s
2022/1,28,+5,752,W 3m/s,+2,752,W 3m/s
2022/1,29,+3,758,N 5m/s,-3,758,N 5m/s
2022/1,30,+5,746,W 7m/s,+3,745,W 7m/s
2022/1,31,+5,747,NW 7m/s,-1,749,NW 7m/s
2021/12,1,+8,747,NW 8m/s,0,750,NW 8m/s
2021/12,2,+10,747,SW 6m/s,+6,747,SW 6m/s
2021/12,3,+13,746,W 5m/s,+3,752,W 5m/s
2021/12,4,+4,753,E 2m/s,-4,752,E 2m/s
2021/12,5,+2,752,E 3m/s,+4,751,E 3m/s
2021/12,6,+10,749,SW 2m/s,+7,749,SW 2m/s
2021/12,7,+5,747,NW 3m/s,+4,748,NW 3m/s
2021/12,8,+2,747,N 8m/s,+1,749,N 8m/s
2021/12,9,+3,754,1m/s,+1,755,1m/s
2021/12,10,+13,750,S 7m/s,+11,750,S 7m/s
2021/12,11,+9,753,SW 3m/s,+6,756,SW 3m/s
2021/12,12,+6,756,E 7m/s,+5,756,E 7m/s
2021/12,13,+5,758,N 5m/s,+3,760,N 5m/s
2021/12,14,+3,761,N 5m/s,+2,761,N 5m/s
2021/12,15,+2,761,N 7m/s,+1,762,N 7m/s
2021/12,16,+3,761,N 4m/s,+3,761,N 4m/s
2021/12,17,+5,756,N 4m/s,+4,757,N 4m/s
2021/12,18,+2,761,N 8m/s,+2,761,N 8m/s
2021/12,19,+5,750,W 6m/s,+5,747,W 6m/s
2021/12,20,+3,749,NW 5m/s,+1,750,NW 5m/s
2021/12,21,-3,756,N 7m/s,-7,760,N 7m/s
2021/12,22,-2,761,NW 7m/s,-5,763,NW 7m/s
2021/12,23,-3,762,1m/s,-8,761,1m/s
2021/12,24,+2,746,W 5m/s,+2,746,W 5m/s
2021/12,25,+8,749,N 4m/s,+2,752,N 4m/s
2021/12,26,-2,755,NE 3m/s,-3,757,NE 3m/s
2021/12,27,-3,757,E 6m/s,-3,755,E 6m/s
2021/12,28,-3,752,N 4m/s,-3,753,N 4m/s
2021/12,29,-5,752,E 2m/s,-5,754,E 2m/s
2021/12,30,-5,758,1m/s,-5,759,1m/s
2021/12,31,+2,757,W 2m/s,+3,755,W 2m/s
2021/11,1,+8,757,E 3m/s,+6,755,E 3m/s
2021/11,2,+13,749,S 4m/s,+12,749,S 4m/s
2021/11,3,+18,754,N 3m/s,+9,757,N 3m/s
2021/11,4,+16,757,S 5m/s,+15,757,S 5m/s
2021/11,5,+23,756,S 5m/s,+15,757,S 5m/s
2021/11,6,+14,764,N 4m/s,+8,765,N 4m/s
2021/11,7,+13,759,S 7m/s,+11,756,S 7m/s
2021/11,8,+13,756,N 6m/s,+8,759,N 6m/s
2021/11,9,+9,763,N 4m/s,+5,767,N 4m/s
2021/11,10,+6,773,1m/s,+1,771,1m/s
2021/11,11,+11,766,SW 7m/s,+6,764,SW 7m/s
2021/11,12,+11,761,N 2m/s,+4,761,N 2m/s
2021/11,13,+11,762,E 4m/s,+9,762,E 4m/s
2021/11,14,+9,762,E 4m/s,+9,763,E 4m/s
2021/11,15,+10,767,E 4m/s,+7,769,E 4m/s
2021/11,16,+6,770,E 5m/s,-2,767,E 5m/s
2021/11,17,+5,764,1m/s,-2,762,1m/s
2021/11,18,+7,761,N 2m/s,+4,761,N 2m/s
2021/11,19,+11,756,W 6m/s,+9,755,W 6m/s
2021/11,20,+14,753,N 8m/s,+11,755,N 8m/s
2021/11,21,+14,752,SW 8m/s,+8,752,SW 8m/s
2021/11,22,+13,754,N 4m/s,+7,755,N 4m/s
2021/11,23,+5,760,N 3m/s,-3,760,N 3m/s
2021/11,24,+6,764,NE 2m/s,+4,764,NE 2m/s
2021/11,25,+8,760,S 7m/s,+2,758,S 7m/s
2021/11,26,+10,751,S 8m/s,+10,746,S 8m/s
2021/11,27,+14,743,SW 4m/s,+8,746,SW 4m/s
2021/11,28,+11,745,S 5m/s,+9,744,S 5m/s
2021/11,29,+12,735,W 6m/s,+8,740,W 6m/s
2021/11,30,+6,745,N 5m/s,-1,746,N 5m/s
2021/10,1,+17,767,E 4m/s,+11,766,E 4m/s
2021/10,2,+17,764,E 4m/s,+5,764,E 4m/s
2021/10,3,+18,764,E 4m/s,+11,764,E 4m/s
2021/10,4,+18,764,E 4m/s,+12,764,E 4m/s
2021/10,5,+18,766,E 4m/s,+11,767,E 4m/s
2021/10,6,+16,766,E 7m/s,+9,767,E 7m/s
2021/10,7,+14,766,E 8m/s,+8,767,E 8m/s
2021/10,8,+13,767,NE 6m/s,+11,767,NE 6m/s
2021/10,9,+14,766,NE 6m/s,+9,767,NE 6m/s
2021/10,10,+15,765,NE 5m/s,+8,764,NE 5m/s
2021/10,11,+17,760,E 3m/s,+9,758,E 3m/s
2021/10,12,+16,752,1m/s,+12,752,1m/s
2021/10,13,+10,753,N 4m/s,+9,755,N 4m/s
2021/10,14,+14,761,N 3m/s,+10,762,N 3m/s
2021/10,15,+14,761,SE 3m/s,+11,759,SE 3m/s
2021/10,16,+13,757,NE 3m/s,+11,758,NE 3m/s
2021/10,17,+14,759,N 4m/s,+7,760,N 4m/s
2021/10,18,+13,761,N 5m/s,+8,761,N 5m/s
2021/10,19,+14,764,N 4m/s,+10,764,N 4m/s
2021/10,20,+19,762,SW 7m/s,+13,760,SW 7m/s
2021/10,21,+21,753,SW 9m/s,null,null,null
2021/10,24,+10,766,N 7m/s,+8,767,N 7m/s
2021/10,25,+11,769,E 2m/s,+3,768,E 2m/s
2021/10,26,+14,764,S 6m/s,+10,764,S 6m/s
2021/10,27,+14,763,N 3m/s,+3,764,N 3m/s
2021/10,28,+17,764,W 2m/s,+8,764,W 2m/s
2021/10,29,+14,765,E 2m/s,+13,765,E 2m/s
2021/10,30,+13,765,E 4m/s,+4,765,E 4m/s
2021/10,31,+12,761,E 4m/s,+4,761,E 4m/s
2021/9,1,+22,752,NW 6m/s,+17,752,NW 6m/s
2021/9,2,+18,755,NW 8m/s,+15,758,NW 8m/s
2021/9,3,+19,758,NW 4m/s,+13,757,NW 4m/s
2021/9,4,+24,756,NW 5m/s,+18,756,NW 5m/s
2021/9,5,+19,761,N 6m/s,+14,762,N 6m/s
2021/9,6,+20,764,N 3m/s,+15,764,N 3m/s
2021/9,7,+21,766,S 4m/s,+15,764,S 4m/s
2021/9,8,+22,764,SE 3m/s,+12,763,SE 3m/s
2021/9,9,+24,761,SE 3m/s,+16,760,SE 3m/s
2021/9,10,+26,758,3m/s,+19,758,3m/s
2021/9,11,+27,756,N 4m/s,+20,755,N 4m/s
2021/9,12,+27,755,N 4m/s,+19,755,N 4m/s
2021/9,13,+27,754,N 4m/s,+18,755,N 4m/s
2021/9,14,+26,756,NW 4m/s,+17,757,NW 4m/s
2021/9,15,+25,758,N 2m/s,+19,758,N 2m/s
2021/9,16,+25,757,2m/s,+20,757,2m/s
2021/9,17,+28,752,SW 8m/s,+21,750,SW 8m/s
2021/9,18,+20,750,NW 6m/s,+16,751,NW 6m/s
2021/9,19,+22,750,NW 5m/s,+11,752,NW 5m/s
2021/9,20,+17,754,NW 3m/s,+14,755,NW 3m/s
2021/9,21,+13,758,N 7m/s,+10,760,N 7m/s
2021/9,22,+13,756,N 6m/s,+10,757,N 6m/s
2021/9,23,+12,757,N 6m/s,+7,757,N 6m/s
2021/9,24,+13,750,W 6m/s,+11,752,W 6m/s
2021/9,25,+19,758,N 7m/s,+17,758,N 7m/s
2021/9,26,+22,760,N 4m/s,+13,759,N 4m/s
2021/9,27,+19,761,N 3m/s,+13,760,N 3m/s
2021/9,28,+16,761,NE 3m/s,+12,763,NE 3m/s
2021/9,29,+17,764,E 4m/s,+12,765,E 4m/s
2021/9,30,+15,766,E 5m/s,+6,766,E 5m/s
2021/8,1,+32,752,W 3m/s,+26,751,W 3m/s
2021/8,2,null,null,null,+24,752,Ш
2021/8,3,+27,755,N 4m/s,+24,756,N 4m/s
2021/8,4,+26,756,E 6m/s,+22,755,E 6m/s
2021/8,5,+31,752,S 4m/s,+27,748,S 4m/s
2021/8,6,+18,748,1m/s,+19,748,1m/s
2021/8,7,+25,752,N 6m/s,+22,754,N 6m/s
2021/8,8,+28,756,N 4m/s,+23,756,N 4m/s
2021/8,9,+30,757,N 5m/s,+24,757,N 5m/s
2021/8,10,+28,756,NW 6m/s,+25,755,NW 6m/s
2021/8,11,+29,755,NW 6m/s,+25,755,NW 6m/s
2021/8,12,+27,758,N 7m/s,+20,759,N 7m/s
2021/8,13,+26,761,N 4m/s,+22,761,N 4m/s
2021/8,14,+27,761,N 3m/s,+20,759,N 3m/s
2021/8,15,+29,757,SW 2m/s,+23,756,SW 2m/s
2021/8,16,+31,755,S 4m/s,+25,754,S 4m/s
2021/8,17,+32,752,S 5m/s,+26,752,S 5m/s
2021/8,18,+25,752,NW 5m/s,+21,752,NW 5m/s
2021/8,19,+22,754,N 7m/s,+18,755,N 7m/s
2021/8,20,+25,755,N 7m/s,+22,755,N 7m/s
2021/8,21,+27,757,NW 5m/s,+20,757,NW 5m/s
2021/8,22,+26,758,N 4m/s,+22,758,N 4m/s
2021/8,23,+27,758,3m/s,+20,758,3m/s
2021/8,24,+29,755,S 4m/s,+22,755,S 4m/s
2021/8,25,+24,755,N 3m/s,+20,754,N 3m/s
2021/8,26,+18,752,N 3m/s,+17,752,N 3m/s
2021/8,27,+24,753,S 3m/s,+21,752,S 3m/s
2021/8,28,+23,755,N 3m/s,+20,755,N 3m/s
2021/8,29,+26,750,N 4m/s,+22,749,N 4m/s
2021/8,30,+24,751,W 5m/s,+18,752,W 5m/s
2021/8,31,+25,754,W 5m/s,+18,753,W 5m/s
2021/7,1,+29,751,SW 4m/s,+25,750,SW 4m/s
2021/7,2,+21,751,N 5m/s,+18,750,N 5m/s
2021/7,3,+25,749,N 3m/s,+20,749,N 3m/s
2021/7,4,+26,749,N 4m/s,+24,749,N 4m/s
2021/7,5,+23,748,N 5m/s,+20,749,N 5m/s
2021/7,6,+28,751,N 5m/s,+25,752,N 5m/s
2021/7,7,+29,756,NE 5m/s,+24,758,NE 5m/s
2021/7,8,+31,760,S 2m/s,+27,761,S 2m/s
2021/7,9,+30,760,E 4m/s,+27,758,E 4m/s
2021/7,10,+31,757,3m/s,+28,756,3m/s
2021/7,11,+27,755,N 5m/s,+23,755,N 5m/s
2021/7,12,+31,755,1m/s,+26,754,1m/s
2021/7,13,+30,755,E 3m/s,+25,755,E 3m/s
2021/7,14,+33,756,S 3m/s,+27,755,S 3m/s
2021/7,16,+32,754,SE 2m/s,+24,753,SE 2m/s
2021/7,17,+33,752,N 3m/s,+28,751,N 3m/s
2021/7,18,+31,751,N 3m/s,+30,750,N 3m/s
2021/7,19,+33,750,NW 5m/s,+27,751,NW 5m/s
2021/7,20,+31,749,SW 2m/s,+23,749,SW 2m/s
2021/7,21,+21,751,NW 8m/s,+18,752,NW 8m/s
2021/7,22,+25,755,N 9m/s,+22,755,N 9m/s
2021/7,23,+26,755,N 4m/s,+23,755,N 4m/s
2021/7,24,+28,756,2m/s,+21,756,2m/s
2021/7,25,+29,758,S 3m/s,+24,758,S 3m/s
2021/7,26,+30,758,3m/s,+25,758,3m/s
2021/7,27,+32,758,S 4m/s,+26,756,S 4m/s
2021/7,28,+34,755,W 4m/s,+26,755,W 4m/s
2021/7,29,+33,752,SW 4m/s,+20,752,SW 4m/s
2021/7,30,+30,753,N 3m/s,+25,752,N 3m/s
2021/7,31,+32,752,S 4m/s,+26,751,S 4m/s
2021/6,1,+14,754,NE 9m/s,+13,755,NE 9m/s
2021/6,2,+11,755,N 7m/s,+12,755,N 7m/s
2021/6,3,+21,757,N 9m/s,+17,758,N 9m/s
2021/6,4,+22,760,N 6m/s,+19,761,N 6m/s
2021/6,5,+24,757,N 4m/s,+21,756,N 4m/s
2021/6,6,+24,754,N 4m/s,+17,755,N 4m/s
2021/6,7,+25,755,N 6m/s,+18,755,N 6m/s
2021/6,8,+24,753,N 4m/s,+19,753,N 4m/s
2021/6,9,+25,752,N 4m/s,+22,752,N 4m/s
2021/6,10,+23,752,N 4m/s,+19,752,N 4m/s
2021/6,11,+25,752,N 5m/s,+21,753,N 5m/s
2021/6,12,+25,753,NW 3m/s,+20,753,NW 3m/s
2021/6,13,+17,751,N 7m/s,+15,752,N 7m/s
2021/6,14,+20,753,N 6m/s,+17,753,N 6m/s
2021/6,15,+26,751,E 8m/s,+17,751,E 8m/s
2021/6,16,+23,752,N 5m/s,+19,754,N 5m/s
2021/6,17,+22,755,N 5m/s,+19,755,N 5m/s
2021/6,18,+23,755,NE 6m/s,+20,756,NE 6m/s
2021/6,19,+23,756,NE 3m/s,+20,755,NE 3m/s
2021/6,20,+23,753,NE 2m/s,+22,752,NE 2m/s
2021/6,21,+28,753,S 3m/s,+25,753,S 3m/s
2021/6,22,+26,752,W 8m/s,+22,752,W 8m/s
2021/6,23,+31,754,2m/s,+26,755,2m/s
2021/6,24,+32,755,NE 3m/s,+29,755,NE 3m/s
2021/6,25,+31,754,E 4m/s,+29,753,E 4m/s
2021/6,26,+31,752,N 6m/s,+26,751,N 6m/s
2021/6,27,+25,754,N 6m/s,+24,754,N 6m/s
2021/6,28,+28,756,NW 5m/s,+21,755,NW 5m/s
2021/6,29,+29,755,NW 2m/s,+25,754,NW 2m/s
2021/6,30,+33,752,SW 6m/s,+23,753,SW 6m/s
2021/5,1,+24,755,SW 5m/s,+20,753,SW 5m/s
2021/5,2,+25,748,S 4m/s,+24,748,S 4m/s
2021/5,3,+17,753,N 4m/s,+13,755,N 4m/s
2021/5,4,+16,758,NW 4m/s,+12,755,NW 4m/s
2021/5,5,+21,752,SW 9m/s,+16,751,SW 9m/s
2021/5,6,+18,753,NE 5m/s,+14,754,NE 5m/s
2021/5,7,+20,752,SW 8m/s,+17,749,SW 8m/s
2021/5,8,+13,755,N 8m/s,+10,758,N 8m/s
2021/5,9,+16,763,NW 5m/s,+13,763,NW 5m/s
2021/5,10,+20,761,W 4m/s,+16,760,W 4m/s
2021/5,11,+23,758,2m/s,+16,755,2m/s
2021/5,12,+16,754,3m/s,+13,753,3m/s
2021/5,13,+12,751,SE 6m/s,+13,749,SE 6m/s
2021/5,14,+23,749,SW 7m/s,+15,749,SW 7m/s
2021/5,15,+24,752,NW 5m/s,+20,752,NW 5m/s
2021/5,16,+23,750,SE 4m/s,+18,749,SE 4m/s
2021/5,17,+15,746,E 4m/s,+15,747,E 4m/s
2021/5,18,+20,743,W 7m/s,+13,744,W 7m/s
2021/5,19,+19,749,NW 9m/s,+16,751,NW 9m/s
2021/5,20,+13,751,NE 4m/s,+12,751,NE 4m/s
2021/5,21,+16,755,N 2m/s,+16,755,N 2m/s
2021/5,22,+23,756,S 3m/s,+18,755,S 3m/s
2021/5,23,+25,756,2m/s,+21,755,2m/s
2021/5,24,+18,761,N 8m/s,+16,761,N 8m/s
2021/5,25,+22,758,SE 4m/s,+19,758,SE 4m/s
2021/5,26,+21,758,N 3m/s,+19,758,N 3m/s
2021/5,27,+20,756,SE 3m/s,+18,755,SE 3m/s
2021/5,28,+23,752,NW 3m/s,+19,752,NW 3m/s
2021/5,29,+22,752,N 7m/s,+18,753,N 7m/s
2021/5,30,+19,755,W 3m/s,+15,755,W 3m/s
2021/5,31,+18,754,NW 3m/s,+15,753,NW 3m/s
